Workbook

Sheet Catalogo & Registro
A1: Catalogo Libri | L1: Registro prestiti
A2: titolo | B2: autore | C2: casa editrice | D2: isbn | E2: num di pagine | F2: lingua | G2: anno di pubblicazione | H2: Genere | I2: Età di lettura | J2: Posizione | K2: classificazione DDC | L2: stato | M2: Codice Fiscale | N2: ID Utente | O2: inizio prestito | P2: fine prestito | Q2: ID Operatore
A3: La ragazza sul treno | B3: Paula Hawkins | C3: Piemme | D3: 8856637774 | E3: 306 | F3: Italiano | G3: 2015 | I3: 16 + | J3: 2A | K3: 800 | L3: in prestito | M3: RSSGNN80A01L219F | N3: =_xlfn.XLOOKUP(M3,'Database utenti tesserati'!C3:C12,'Database utenti tesserati'!B3:B12) -> U00492 | O3: 45079 | P3: =IF(O3="","",O3+30) -> 45109 | Q3: D00492
A4: La solitudine dei numeri primi | B4: Paolo Giordano | C4: Mondadori | D4: 8804666639 | E4: 304 | F4: Italiano | G4: 2016 | I4: 16+ | J4: 4A | K4: 800 | L4: disponibile | N4: =_xlfn.XLOOKUP(M4,'Database utenti tesserati'!C4:C13,'Database utenti tesserati'!B4:B13) -> 0 | P4: =IF(O4="","",O4+30)
A5: Storia di una ladra di libri | B5: Markus Zusk | C5: Sperling & Kupfer | D5: 8868364948 | E5: 565 | F5: Italiano | G5: 2019 | I5: 14+ | J5: 10A | K5: 800 | L5: disponibile | N5: =_xlfn.XLOOKUP(M5,'Database utenti tesserati'!C5:C14,'Database utenti tesserati'!B5:B14) -> 0 | P5: =IF(O5="","",O5+30)
A6: La verità sul caso di Harry Quebert | B6: Joel Dicker | C6: La nave di Teseo | D6: 8834611853 | E6: 702 | F6: Italiano | G6: 2022 | I6: 16+ | J6: 1B | K6: 800 | L6: in prestito | M6: MRTNLC99R63M939T | N6: =_xlfn.XLOOKUP(M6,'Database utenti tesserati'!C6:C15,'Database utenti tesserati'!B6:B15) -> U00019 | O6: 45073 | P6: =IF(O6="","",O6+30) -> 45103 | Q6: D00248
A7: La leggenda del santo bevitore | B7: Joseph Roth | C7: Adelphi | D7: 8845901714 | E7: 74 | F7: Italiano | G7: 1985 | I7: 16+ | J7: 3Z | K7: 800 | L7: disponibile | N7: =_xlfn.XLOOKUP(M7,'Database utenti tesserati'!C7:C16,'Database utenti tesserati'!B7:B16) -> 0 | P7: =IF(O7="","",O7+30)
A8: Io prima di te | B8: Jojo Moyes | C8: Mondadori | D8: 8804662654 | E8: 391 | F8: Italiano | G8: 2016 | I8: 16+ | J8: 7A | K8: 800 | L8: disponibile | N8: =_xlfn.XLOOKUP(M8,'Database utenti tesserati'!C8:C17,'Database utenti tesserati'!B8:B17) -> 0 | P8: =IF(O8="","",O8+30)
A9: Inferno | B9: Dan Brown | C9: Mondadori | D9: 8804744668 | E9: 522 | F9: Italiano | G9: 2022 | I9: 16+ | J9: 12B | K9: 800 | L9: in prestito | M9: MRTNDR99R63M939T | N9: =_xlfn.XLOOKUP(M9,'Database utenti tesserati'!C9:C18,'Database utenti tesserati'!B9:B18) -> U00734 | O9: 45088 | P9: =IF(O9="","",O9+30) -> 45118 | Q9: D00019
A10: ll rumore dei tuoi passi | B10: Valentina D'Urbano | C10: TEA | D10: 8850241712 | E10: 320 | F10: Italiano | G10: 2015 | I10: 16+ | J10: 9A | K10: 800 | L10: disponibile | N10: =_xlfn.XLOOKUP(M10,'Database utenti tesserati'!C10:C19,'Database utenti tesserati'!B10:B19) -> 0 | P10: =IF(O10="","",O10+30)
D13: La presenza di filtri consente, già in questa sezione, una prima fase di ricerca, ad esempio per fascia di età, stato, autore, per nunero di pagine (maggiore/minore di…), genere o anche, più realisticamente, una combinazione di fattori. Per quanto riguarda il titolo del libro, quest'ultimo, nella maggioranza dei casi è univoco e la ricerca di un volume, per titolo, utilizzando i filtri di ricerca potrebbe risultare complessa. Per questo motivo ho pensato di inserire, in un'altra pagina della cartella di lavoro uno strumento di ricerca per titolo, utilizzando la funzione CERCA.X. | N13: L'ID operatore è selezionabile da un menù a tendina collegato alla colonna ID Operatore del foglio 'database dipendenti'. La colonna 'ID utente' è un cerca x, che si appoggia al foglio 'database utenti'. La colonna 'fine prestito' si ottiene in automatico aggiungendo alla colonna inizio prestito 30 g. Ho inserito, in questo caso, una funzione se affinche la somma avvenga solo quando la colonna 'inizio prestito' non è vuota.
D21: In questo database la chiave di lettura primaria è il codice isbn, mentre la colonna ID utente, codice fiscale e ID Operatore sono chiavi di lettura esterne.

Sheet Ricerca per titolo
B5: Strumento di ricerca per titolo
B6: Titolo | C6: Autore | D6: Lingue | E6: Stato | F6: Inizio prestito | G6: Fine prestito | H6: Classificazione DDC | I6: Posizione | J6: Età di lettura
B7: La solitudine dei numeri primi | C7: =_xlfn.XLOOKUP(B7,'Catalogo & Registro'!A:A,'Catalogo & Registro'!B:B,"il libro non è presente in catalogo") -> Paolo Giordano | D7: =_xlfn.XLOOKUP(B7,'Catalogo & Registro'!A:A,'Catalogo & Registro'!F:F,"il libro non è presente in catalogo") -> Italiano | E7: =_xlfn.XLOOKUP(B7,'Catalogo & Registro'!A:A,'Catalogo & Registro'!L:L) -> disponibile | F7: =_xlfn.XLOOKUP(B7,'Catalogo & Registro'!A3:A10,'Catalogo & Registro'!O3:O10) -> 0 | G7: =_xlfn.XLOOKUP(B7,'Catalogo & Registro'!A3:A10,'Catalogo & Registro'!P3:P10) | H7: =_xlfn.XLOOKUP(B7,'Catalogo & Registro'!A:A,'Catalogo & Registro'!K:K) -> 800 | I7: =_xlfn.XLOOKUP(B7,'Catalogo & Registro'!A:A,'Catalogo & Registro'!J:J) -> 4A | J7: =_xlfn.XLOOKUP(B7,'Catalogo & Registro'!A3:A10,'Catalogo & Registro'!I3:I10) -> 16+

Sheet Database utenti tesserati
A1: Database Utenti
A2: nome e cognome | B2: identificativo utente | C2: codice ficscale | D2: data di nascita | E2: domicilio | F2: email | G2: recapito telefonico
A3: Giovanni Rossi | B3: U00492 | C3: RSSGNN80A01L219F | D3: 29221 | E3: Corso Italia, 1 | F3: giovanni.rossi@gmail.com | G3: 3334567298
A4: Laura Bianchi | B4: U00908 | C4: BNCLRA95E46A944V | D4: 34825 | E4: Corso Italia, 2 | F4: laura.bianchi@gmail.com | G4: 3492220945
A5: Marco Russo | B5: U00673 | C5: MRCRSS90E06B180M | D5: 32911 | E5: Corso Italia, 3 | F5: marco.russo@gmail.com | G5: 3297340122
A6: Sara Esposito | B6: U00356 | C6: SPSTSR99R63M939T | D6: 30844 | E6: Corso Italia, 4 | F6: sara.esposito@gmail.com | G6: 3385612123
A7: Luca Martini | B7: U00019 | C7: MRTNLC99R63M939T | D7: 34271 | E7: Corso Italia, 5 | F7: luca.martini@gmail.com | G7: 3319002357
A8: Valentina Ferrari | B8: U00325 | C8: FRRVLN99R63M939T | D8: 36991 | E8: Corso Italia, 6 | F8: valentina.ferrari@gmail.com | G8: 3236572398
A9: Andrea Moretti | B9: U00734 | C9: MRTNDR99R63M939T | D9: 32402 | E9: Corso Italia, 7 | F9: andrea.moretti@gmail.com | G9: 3355873450
A10: Elena Romano | B10: U00812 | C10: RMNLLN99R63M939T | D10: 38954 | E10: Corso Italia, 8 | F10: elena.romano@gmail.com | G10: 3293409857
A11: Alessandro Conti | B11: U00495 | C11: CNTLSS99R63M939T | D11: 33551 | E11: Corso Italia, 9 | F11: alessandro.conti@gmail.com | G11: 3332347609
A12: Federica Rizzo | B12: U00248 | C12: RZZFDR99R63M939T | D12: 36495 | E12: Corso Italia, 10 | F12: federica.rizzo@gmail.com | G12: 3927774782
A14: In questo caso ci sono due chiavi di lettura primarie, il codice fiscale e l'ID Utente. Questi due attributi sono rindondanti, tuttavia potrebbe essere più semplice per gli utenti della biblioteca ricordare il loro codice fiscale piuttosto che il loro ID. Mentre ai fini dell'analisi potrebbe essere più immediato utilizzare un ID Utente piuttosto rispetto al codice fiscale.

Sheet Database dipendenti
A1: Database dipendenti
A2: nome e cognome | B2: identificativo utente | C2: codice ficscale | D2: data di nascita | E2: domicilio | F2: email | G2: recapito telefonico
A3: Alessia Rossi | B3: D00492 | C3: RSSGNN80A01L219F | D3: 29221 | E3: Corso Italia, 1 | F3: alessia.rossi@letturaok.it | G3: 3334567298
A4: Matteo Bianchi | B4: D00908 | C4: BNCLRA95E46A944V | D4: 34825 | E4: Corso Italia, 2 | F4: matteo.bianchi@letturaok.it | G4: 3492220945
A5: Chiara Esposito | B5: D00673 | C5: MRCRSS90E06B180M | D5: 32911 | E5: Corso Italia, 3 | F5: chiara.esposito@letturaok.it | G5: 3297340122
A6: Luca Russo | B6: D00356 | C6: SPSTSR99R63M939T | D6: 30844 | E6: Corso Italia, 4 | F6: luca.russo@letturaok.it | G6: 3385612123
A7: Martina Conti | B7: D00019 | C7: MRTNLC99R63M939T | D7: 34271 | E7: Corso Italia, 5 | F7: martina.conti@letturaok.it | G7: 3319002357
A8: Marco Marino | B8: D00325 | C8: FRRVLN99R63M939T | D8: 36991 | E8: Corso Italia, 6 | F8: marco.marino@letturaok.it | G8: 3236572398
A9: Elena Romano | B9: D00734 | C9: MRTNDR99R63M939T | D9: 32402 | E9: Corso Italia, 7 | F9: elena.romano@letturaok.it | G9: 3355873450
A10: Federico Colombo | B10: D00812 | C10: RMNLLN99R63M939T | D10: 38954 | E10: Corso Italia, 8 | F10: federico.colombo@letturaok.it | G10: 3293409857
A11: Giulia Fiore | B11: D00495 | C11: CNTLSS99R63M939T | D11: 33551 | E11: Corso Italia, 9 | F11: giulia.fiore@letturaok.it | G11: 3332347609
A12: Giovanni De Luca | B12: D00248 | C12: RZZFDR99R63M939T | D12: 36495 | E12: Corso Italia, 10 | F12: giovanni.luca@letturaok.it | G12: 3927774782
